{
  "contacts": [
    {
      "fullname": "امیرحسین محمودی",
      "photo": "https://lh3.googleusercontent.com/a/ACg8ocKjVfHmY-6L-Y9i5RyKySqYdVCtQpCpvqzyy8jQ-P0zkw=s360-c-no",
      "mobile": "09030714900",
      "email": "amirhossein@mahmoudi.dev",
      "job": "برنامه نویس",
      "group": "1",
      "id": 1
    },
    {
      "fullname": "iman madaeny",
      "photo": "https://toplearn.com/img/user/teachers/2402cc6d-1d17-6a22-e6cc-39e3248f13a4_%D8%A7%DB%8C%D9%85%D8%A7%D9%86_%D9%85%D8%AF%D8%A7%D8%A6%D9%86%DB%8C9.jpg",
      "mobile": "09126700311",
      "email": "iman@madaeny.com",
      "job": "full-stack developer",
      "group": "1",
      "id": 2
    }
  ],
  "groups": [
    {
      "id": "1",
      "name": "همکار"
    },
    {
      "id": "2",
      "name": "دوست"
    },
    {
      "id": "3",
      "name": "فامیل"
    },
    {
      "id": "4",
      "name": "سرویس"
    },
    {
      "id": "5",
      "name": "آشنا"
    }
  ]
}